Workbook

Sheet Leverandør besvarelse
A1: Kravområde | B1: Kravgruppe | C1: Fabian | D1: nr | E1: Krav | F1: Prioritet | G1: Svar | H1: Svar fra Leverandør
A2: =IF(AND(Data!C2<>Data!C1,Data!C2<>""),Data!C2,"") -> GENERELT | B2: =IF(AND(Data!E2<>Data!E1,Data!E2<>""),Data!E2,"") -> Leverandørkrav og kommersielle krav | C2: OK | D2: =IF(Data!A2<>"",Data!A2,"") -> 1.1.1 | E2: =IF(Data!G2<>"",Data!G2,"") -> Det er ønskelig at leverandøren beskriver egen soliditet og det skal oppgis 2-3 relevante referanser. | F2: =IF(Data!I2<>"",IF(Data!I2=1,"Påkrevd",IF(Data!I2=2,"Viktig",IF(Data!I2=3,"Ønskelig","Informasjon"))),"") -> Viktig | G2: Ja | H2: Oppgitt i tilbudsdokumentet
A3: =IF(AND(Data!C3<>Data!C2,Data!C3<>""),Data!C3,"") | B3: =IF(AND(Data!E3<>Data!E2,Data!E3<>""),Data!E3,"") | C3: Dobbeltsjekke | D3: =IF(Data!A3<>"",Data!A3,"") -> 1.1.2 | E3: =IF(Data!G3<>"",Data!G3,"") -> Leverandøren skal beskrive Miljøtiltak selskapet planlegger eller har gjennomført for å nå FNs klimamål. | F3: =IF(Data!I3<>"",IF(Data!I3=1,"Påkrevd",IF(Data!I3=2,"Viktig",IF(Data!I3=3,"Ønskelig","Informasjon"))),"") -> Viktig | G3: Ja | H3: Vi arbeider systematisk for å redusere klimagassutslipp fra både drift og leveranser. Arbeidet tar utgangspunkt i FNs bærekraftsmål, særlig mål 12 om ansvarlig forbruk og produksjon og mål 13 om klima. I egen virksomhet har vi etablert rutiner for energieffektive kontorlokaler, kildesortering, redusert avfallsmengde og begrenset reisevirksomhet. Der det er mulig prioriteres digitale møter fremfor fysiske. I leveranseprosjekter velger vi teknologier og skyløsninger med dokumentert fokus på energieffektiv drift og datacenter med fornybar energibruk. Vi stiller krav til underleverandører om etiske og miljømessige standarder og følger opp at disse overholdes. Videre arbeider vi med å redusere ressursbruk gjennom gjenbruk av komponenter, modulær arkitektur og løsninger som kan videreutvikles uten unødvendig utskifting.
A4: =IF(AND(Data!C4<>Data!C3,Data!C4<>""),Data!C4,"") | B4: =IF(AND(Data!E4<>Data!E3,Data!E4<>""),Data!E4,"") | C4: Dobbeltsjekke | D4: =IF(Data!A4<>"",Data!A4,"") -> 1.1.3 | E4: =IF(Data!G4<>"",Data!G4,"") -> Leverandøren skal være Miljøsertifisert i henhold til ISO 14001. | F4: =IF(Data!I4<>"",IF(Data!I4=1,"Påkrevd",IF(Data!I4=2,"Viktig",IF(Data!I4=3,"Ønskelig","Informasjon"))),"") -> Viktig | G4: Nei | H4: Vi er i gang med å etablere et formelt miljøstyringssystem og planlegger sertifisering etter ISO 14001 innen 2026, og frem til sertifikat foreligger følger vi dokumenterte interne rutiner for miljøarbeid, risikovurdering og kontinuerlig forbedring.
A5: =IF(AND(Data!C5<>Data!C4,Data!C5<>""),Data!C5,"") | B5: =IF(AND(Data!E5<>Data!E4,Data!E5<>""),Data!E5,"") | C5: OK | D5: =IF(Data!A5<>"",Data!A5,"") -> 1.1.4 | E5: =IF(Data!G5<>"",Data!G5,"") -> Har leverandøren egne etiske retningslinjer for sin virksomhet og virksomhetens leverandører som en del av tilbudet. | F5: =IF(Data!I5<>"",IF(Data!I5=1,"Påkrevd",IF(Data!I5=2,"Viktig",IF(Data!I5=3,"Ønskelig","Informasjon"))),"") -> Ønskelig | G5: Ja | H5: Geta har egne etiske retningslinjer som omfatter antikorrupsjon, arbeidsforhold, likestilling, personvern og miljø, og som også stiller krav til våre underleverandører, og vi vedlegger disse som del av tilbudet.
A6: =IF(AND(Data!C6<>Data!C5,Data!C6<>""),Data!C6,"") | B6: =IF(AND(Data!E6<>Data!E5,Data!E6<>""),Data!E6,"") | C6: OK | D6: =IF(Data!A6<>"",Data!A6,"") -> 1.1.5 | E6: =IF(Data!G6<>"",Data!G6,"") -> Aksepterer leverandøren, og eventuelle underleverandører, å følge Kundens etiske retningslinjer (vedlagt)? | F6: =IF(Data!I6<>"",IF(Data!I6=1,"Påkrevd",IF(Data!I6=2,"Viktig",IF(Data!I6=3,"Ønskelig","Informasjon"))),"") -> Viktig | G6: Ja | H6: Vi bekrefter at vi, og eventuelle underleverandører vi benytter, forplikter oss til å følge kundens etiske retningslinjer og vil gjøre dette eksplisitt i våre avtaler og i vår oppfølging av underleverandører.
A7: =IF(AND(Data!C7<>Data!C6,Data!C7<>""),Data!C7,"") | B7: =IF(AND(Data!E7<>Data!E6,Data!E7<>""),Data!E7,"") | C7: OK | D7: =IF(Data!A7<>"",Data!A7,"") -> 1.1.6 | E7: =IF(Data!G7<>"",Data!G7,"") -> Leverandøren skal levere en detaljert prismodell basert på følgende faktorer: - 15 brukere (redigeringstilgang i både CMS og PIM) - 5 brukere (redigeringstilgang på integrasjoner i iPaaS) - 5 integrasjoner med eksterne systemer med minimum daglig synkronisering - år 1 - 10 integrasjoner med eksterne systemer med minimum daglig synkronisering - år 2 - 6000 produkter som skal synkroniseres | F7: =IF(Data!I7<>"",IF(Data!I7=1,"Påkrevd",IF(Data!I7=2,"Viktig",IF(Data!I7=3,"Ønskelig","Informasjon"))),"") -> Påkrevd | G7: Ja | H7: Prismodellen vi leverer er detaljert og viser lisenskostnader, plattform og driftskostnader for Struct PIM, Sanity, Mozaik og Mozaik Harmony, samt implementering, integrasjoner og forvaltning for femten redaktørbrukere i CMS og PIM, fem brukere i iPaaS, fem integrasjoner første år, ti integrasjoner andre år og om lag seks tusen produkter i PIM og tilknyttede kanaler.
A8: =IF(AND(Data!C8<>Data!C7,Data!C8<>""),Data!C8,"") | B8: =IF(AND(Data!E8<>Data!E7,Data!E8<>""),Data!E8,"") | C8: OK | D8: =IF(Data!A8<>"",Data!A8,"") -> 1.1.7 | E8: =IF(Data!G8<>"",Data!G8,"") -> Tilbudet skal inneholde betalingsbetingelser som er knyttet til avsluttede milepæler. | F8: =IF(Data!I8<>"",IF(Data!I8=1,"Påkrevd",IF(Data!I8=2,"Viktig",IF(Data!I8=3,"Ønskelig","Informasjon"))),"") -> Viktig | G8: Må fylles ut av Geta | H8: Betalingsbetingelsene kan knyttes til utført arbeid, pr måned. Vi kan evt. avsette noe til avsluttende milepæler, for eksempel avtaleinngåelse, godkjent løsningsdesign, ferdig konfigurert og integrert løsning i testmiljø, godkjente akseptansetester og produksjonssetting.
A9: =IF(AND(Data!C9<>Data!C8,Data!C9<>""),Data!C9,"") | B9: =IF(AND(Data!E9<>Data!E8,Data!E9<>""),Data!E9,"") | C9: OK | D9: =IF(Data!A9<>"",Data!A9,"") -> 1.1.8 | E9: =IF(Data!G9<>"",Data!G9,"") -> Det skal være mulig for Kunden å terminere kontrakten før golive. | F9: =IF(Data!I9<>"",IF(Data!I9=1,"Påkrevd",IF(Data!I9=2,"Viktig",IF(Data!I9=3,"Ønskelig","Informasjon"))),"") -> Påkrevd | G9: Ja | H9: Kontrakten vil inneholde en regulering som gir kunden rett til å terminere kontrakten før produksjonssetting, med avregning for dokumentert utført arbeid og leverte komponenter frem til tidspunktet for terminering.
A10: =IF(AND(Data!C10<>Data!C9,Data!C10<>""),Data!C10,"") | B10: =IF(AND(Data!E10<>Data!E9,Data!E10<>""),Data!E10,"") | C10: OK | D10: =IF(Data!A10<>"",Data!A10,"") -> 1.1.9 | E10: =IF(Data!G10<>"",Data!G10,"") -> Leverandøren skal akseptere at arbeid knyttet til å levere tilbud på denne forespørselen ikke er fakturerbart. | F10: =IF(Data!I10<>"",IF(Data!I10=1,"Påkrevd",IF(Data!I10=2,"Viktig",IF(Data!I10=3,"Ønskelig","Informasjon"))),"") -> Påkrevd | G10: Ja | H10: Vi bekrefter at alt arbeid som gjøres for å utarbeide og presentere tilbudet, inkludert møter og presiseringer i tilbudsfasen, ikke vil bli fakturert kunden.
A11: =IF(AND(Data!C11<>Data!C10,Data!C11<>""),Data!C11,"") | B11: =IF(AND(Data!E11<>Data!E10,Data!E11<>""),Data!E11,"") -> Funksjonelle og tekniske krav | C11: OK | D11: =IF(Data!A11<>"",Data!A11,"") -> 1.2.1 | E11: =IF(Data!G11<>"",Data!G11,"") -> Løsningen skal ha API-støtte for enkel og fleksibel tilkobling til tredjepartssystemer. | F11: =IF(Data!I11<>"",IF(Data!I11=1,"Påkrevd",IF(Data!I11=2,"Viktig",IF(Data!I11=3,"Ønskelig","Informasjon"))),"") -> Påkrevd | G11: Ja | H11: Mozaik og Mozaik Harmony eksponerer standardiserte programmerbare grensesnitt som gjør det mulig å koble til tredjepartssystemer som ERP, CRM, søk, analyse og andre fagsystemer, og Struct PIM og Sanity inngår i den samme API orienterte arkitekturen.
A12: =IF(AND(Data!C12<>Data!C11,Data!C12<>""),Data!C12,"") | B12: =IF(AND(Data!E12<>Data!E11,Data!E12<>""),Data!E12,"") | C12: OK | D12: =IF(Data!A12<>"",Data!A12,"") -> 1.2.2 | E12: =IF(Data!G12<>"",Data!G12,"") -> Løsningen må understøtte muligheter for å håndtere flere språk og lokalisering. | F12: =IF(Data!I12<>"",IF(Data!I12=1,"Påkrevd",IF(Data!I12=2,"Viktig",IF(Data!I12=3,"Ønskelig","Informasjon"))),"") -> Viktig | G12: Ja | H12: Struct PIM og Sanity støtter flerspråklig innhold og lokalisering, og Mozaik legger til rette for at språk og markeder kan styres konsistent på tvers av nettside og eventuelle digitale kanaler, med tydelig modell for hvilket innhold som er komplett per språk.
A13: =IF(AND(Data!C13<>Data!C12,Data!C13<>""),Data!C13,"") | B13: =IF(AND(Data!E13<>Data!E12,Data!E13<>""),Data!E13,"") | C13: Dobbeltsjekke | D13: =IF(Data!A13<>"",Data!A13,"") -> 1.2.3 | E13: =IF(Data!G13<>"",Data!G13,"") -> Beskriv støttet funksjonalitet på mobile enheter. Våre brukere benytter primært iOS enheter. | F13: =IF(Data!I13<>"",IF(Data!I13=1,"Påkrevd",IF(Data!I13=2,"Viktig",IF(Data!I13=3,"Ønskelig","Informasjon"))),"") -> Påkrevd | G13: Ja | H13: Sanity og den foreslåtte frontendløsningen bygger på moderne webteknologi som gir god støtte for bruk på mobil og nettbrett, og brukergrensesnittet for redaktører og administratorer tilpasses slik at kjernemodellene i Struct PIM og Mozaik også kan benyttes effektivt fra iOS enheter.
... A106: =IF(AND(Data!C106<>Data!C105,Data!C106<>""),Data!C106,"") | B106: =IF(AND(Data!E106<>Data!E105,Data!E106<>""),Data!E106,"") | C106: Kraver avklaring | D106: =IF(Data!A106<>"",Data!A106,"") -> 4.3.4 | E106: =IF(Data!G106<>"",Data!G106,"") -> Løsningen må ha verktøy for analyse og rapportering av integrasjonsdata. | F106: =IF(Data!I106<>"",IF(Data!I106=1,"Påkrevd",IF(Data!I106=2,"Viktig",IF(Data!I106=3,"Ønskelig","Informasjon"))),"") -> Viktig | G106: Ja | H106: Vi kan etablere rapporter og oversikter på integrasjonsdata, for eksempel antall meldinger, behandlingsfeil og behandlingstid, slik at Pretec får innsikt i hvordan dataflyten fungerer over tid.
A107: =IF(AND(Data!C107<>Data!C106,Data!C107<>""),Data!C107,"") | B107: =IF(AND(Data!E107<>Data!E106,Data!E107<>""),Data!E107,"") | D107: =IF(Data!A107<>"",Data!A107,"") | E107: =IF(Data!G107<>"",Data!G107,"") | F107: =IF(Data!I107<>"",IF(Data!I107=1,"Påkrevd",IF(Data!I107=2,"Viktig",IF(Data!I107=3,"Ønskelig","Informasjon"))),"")
A108: =IF(AND(Data!C108<>Data!C107,Data!C108<>""),Data!C108,"") | B108: =IF(AND(Data!E108<>Data!E107,Data!E108<>""),Data!E108,"") | D108: =IF(Data!A108<>"",Data!A108,"") | E108: =IF(Data!G108<>"",Data!G108,"") | F108: =IF(Data!I108<>"",IF(Data!I108=1,"Påkrevd",IF(Data!I108=2,"Viktig",IF(Data!I108=3,"Ønskelig","Informasjon"))),"")
A109: =IF(AND(Data!C109<>Data!C108,Data!C109<>""),Data!C109,"") | B109: =IF(AND(Data!E109<>Data!E108,Data!E109<>""),Data!E109,"") | D109: =IF(Data!A109<>"",Data!A109,"") | E109: =IF(Data!G109<>"",Data!G109,"") | F109: =IF(Data!I109<>"",IF(Data!I109=1,"Påkrevd",IF(Data!I109=2,"Viktig",IF(Data!I109=3,"Ønskelig","Informasjon"))),"")
A110: =IF(AND(Data!C110<>Data!C109,Data!C110<>""),Data!C110,"") | B110: =IF(AND(Data!E110<>Data!E109,Data!E110<>""),Data!E110,"") | D110: =IF(Data!A110<>"",Data!A110,"") | E110: =IF(Data!G110<>"",Data!G110,"") | F110: =IF(Data!I110<>"",IF(Data!I110=1,"Påkrevd",IF(Data!I110=2,"Viktig",IF(Data!I110=3,"Ønskelig","Informasjon"))),"")
A111: =IF(AND(Data!C111<>Data!C110,Data!C111<>""),Data!C111,"") | B111: =IF(AND(Data!E111<>Data!E110,Data!E111<>""),Data!E111,"") | D111: =IF(Data!A111<>"",Data!A111,"") | E111: =IF(Data!G111<>"",Data!G111,"") | F111: =IF(Data!I111<>"",IF(Data!I111=1,"Påkrevd",IF(Data!I111=2,"Viktig",IF(Data!I111=3,"Ønskelig","Informasjon"))),"")
A112: =IF(AND(Data!C112<>Data!C111,Data!C112<>""),Data!C112,"") | B112: =IF(AND(Data!E112<>Data!E111,Data!E112<>""),Data!E112,"") | D112: =IF(Data!A112<>"",Data!A112,"") | E112: =IF(Data!G112<>"",Data!G112,"") | F112: =IF(Data!I112<>"",IF(Data!I112=1,"Påkrevd",IF(Data!I112=2,"Viktig",IF(Data!I112=3,"Ønskelig","Informasjon"))),"")
A113: =IF(AND(Data!C113<>Data!C112,Data!C113<>""),Data!C113,"") | B113: =IF(AND(Data!E113<>Data!E112,Data!E113<>""),Data!E113,"") | D113: =IF(Data!A113<>"",Data!A113,"") | E113: =IF(Data!G113<>"",Data!G113,"") | F113: =IF(Data!I113<>"",IF(Data!I113=1,"Påkrevd",IF(Data!I113=2,"Viktig",IF(Data!I113=3,"Ønskelig","Informasjon"))),"")
A114: =IF(AND(Data!C114<>Data!C113,Data!C114<>""),Data!C114,"") | B114: =IF(AND(Data!E114<>Data!E113,Data!E114<>""),Data!E114,"") | D114: =IF(Data!A114<>"",Data!A114,"") | E114: =IF(Data!G114<>"",Data!G114,"") | F114: =IF(Data!I114<>"",IF(Data!I114=1,"Påkrevd",IF(Data!I114=2,"Viktig",IF(Data!I114=3,"Ønskelig","Informasjon"))),"")
A115: =IF(AND(Data!C115<>Data!C114,Data!C115<>""),Data!C115,"") | B115: =IF(AND(Data!E115<>Data!E114,Data!E115<>""),Data!E115,"") | D115: =IF(Data!A115<>"",Data!A115,"") | E115: =IF(Data!G115<>"",Data!G115,"") | F115: =IF(Data!I115<>"",IF(Data!I115=1,"Påkrevd",IF(Data!I115=2,"Viktig",IF(Data!I115=3,"Ønskelig","Informasjon"))),"")
A116: =IF(AND(Data!C116<>Data!C115,Data!C116<>""),Data!C116,"") | B116: =IF(AND(Data!E116<>Data!E115,Data!E116<>""),Data!E116,"") | D116: =IF(Data!A116<>"",Data!A116,"") | E116: =IF(Data!G116<>"",Data!G116,"") | F116: =IF(Data!I116<>"",IF(Data!I116=1,"Påkrevd",IF(Data!I116=2,"Viktig",IF(Data!I116=3,"Ønskelig","Informasjon"))),"")
A117: =IF(AND(Data!C117<>Data!C116,Data!C117<>""),Data!C117,"") | B117: =IF(AND(Data!E117<>Data!E116,Data!E117<>""),Data!E117,"") | D117: =IF(Data!A117<>"",Data!A117,"") | E117: =IF(Data!G117<>"",Data!G117,"") | F117: =IF(Data!I117<>"",IF(Data!I117=1,"Påkrevd",IF(Data!I117=2,"Viktig",IF(Data!I117=3,"Ønskelig","Informasjon"))),"")
A118: =IF(AND(Data!C118<>Data!C117,Data!C118<>""),Data!C118,"") | B118: =IF(AND(Data!E118<>Data!E117,Data!E118<>""),Data!E118,"") | D118: =IF(Data!A118<>"",Data!A118,"") | E118: =IF(Data!G118<>"",Data!G118,"") | F118: =IF(Data!I118<>"",IF(Data!I118=1,"Påkrevd",IF(Data!I118=2,"Viktig",IF(Data!I118=3,"Ønskelig","Informasjon"))),"")
... A997: =IF(AND(Data!C997<>Data!C996,Data!C997<>""),Data!C997,"") | B997: =IF(AND(Data!E997<>Data!E996,Data!E997<>""),Data!E997,"") | D997: =IF(Data!A997<>"",Data!A997,"") | E997: =IF(Data!G997<>"",Data!G997,"") | F997: =IF(Data!I997<>"",IF(Data!I997=1,"Påkrevd",IF(Data!I997=2,"Viktig",IF(Data!I997=3,"Ønskelig","Informasjon"))),"")

Sheet Data
A1: ReqNo | B1: MainGroupSort | C1: MainGroupName | D1: SubGroupSort | E1: SubGroupName | F1: ReqSort | G1: Requirement | H1: PriorityName | I1: PriorityLevel | J1: StatusName | K1: Responsible | L1: AnswerShort | M1: Answer | N1: Reference
A2: 1.1.1 | B2: 1 | C2: GENERELT | D2: 1 | E2: Leverandørkrav og kommersielle krav | F2: 1 | G2: Det er ønskelig at leverandøren beskriver egen soliditet og det skal oppgis 2-3 relevante referanser. | H2: Important | I2: 2 | J2: Approved
A3: 1.1.2 | B3: 1 | C3: GENERELT | D3: 1 | E3: Leverandørkrav og kommersielle krav | F3: 2 | G3: Leverandøren skal beskrive Miljøtiltak selskapet planlegger eller har gjennomført for å nå FNs klimamål. | H3: Important | I3: 2 | J3: Approved
A4: 1.1.3 | B4: 1 | C4: GENERELT | D4: 1 | E4: Leverandørkrav og kommersielle krav | F4: 3 | G4: Leverandøren skal være Miljøsertifisert i henhold til ISO 14001. | H4: Important | I4: 2 | J4: Approved
A5: 1.1.4 | B5: 1 | C5: GENERELT | D5: 1 | E5: Leverandørkrav og kommersielle krav | F5: 4 | G5: Har leverandøren egne etiske retningslinjer for sin virksomhet og virksomhetens leverandører som en del av tilbudet. | H5: Desirable | I5: 3 | J5: Approved
A6: 1.1.5 | B6: 1 | C6: GENERELT | D6: 1 | E6: Leverandørkrav og kommersielle krav | F6: 5 | G6: Aksepterer leverandøren, og eventuelle underleverandører, å følge Kundens etiske retningslinjer (vedlagt)? | H6: Important | I6: 2 | J6: Approved
A7: 1.1.6 | B7: 1 | C7: GENERELT | D7: 1 | E7: Leverandørkrav og kommersielle krav | F7: 6 | G7: Leverandøren skal levere en detaljert prismodell basert på følgende faktorer: - 15 brukere (redigeringstilgang i både CMS og PIM) - 5 brukere (redigeringstilgang på integrasjoner i iPaaS) - 5 integrasjoner med eksterne systemer med minimum daglig synkronisering - år 1 - 10 integrasjoner med eksterne systemer med minimum daglig synkronisering - år 2 - 6000 produkter som skal synkroniseres | H7: Required | I7: 1 | J7: Approved
A8: 1.1.7 | B8: 1 | C8: GENERELT | D8: 1 | E8: Leverandørkrav og kommersielle krav | F8: 7 | G8: Tilbudet skal inneholde betalingsbetingelser som er knyttet til avsluttede milepæler. | H8: Important | I8: 2 | J8: Approved
A9: 1.1.8 | B9: 1 | C9: GENERELT | D9: 1 | E9: Leverandørkrav og kommersielle krav | F9: 8 | G9: Det skal være mulig for Kunden å terminere kontrakten før golive. | H9: Required | I9: 1 | J9: Approved
A10: 1.1.9 | B10: 1 | C10: GENERELT | D10: 1 | E10: Leverandørkrav og kommersielle krav | F10: 9 | G10: Leverandøren skal akseptere at arbeid knyttet til å levere tilbud på denne forespørselen ikke er fakturerbart. | H10: Required | I10: 1 | J10: Approved
A11: 1.2.1 | B11: 1 | C11: GENERELT | D11: 2 | E11: Funksjonelle og tekniske krav | F11: 1 | G11: Løsningen skal ha API-støtte for enkel og fleksibel tilkobling til tredjepartssystemer. | H11: Required | I11: 1 | J11: Approved
A12: 1.2.2 | B12: 1 | C12: GENERELT | D12: 2 | E12: Funksjonelle og tekniske krav | F12: 2 | G12: Løsningen må understøtte muligheter for å håndtere flere språk og lokalisering. | H12: Important | I12: 2 | J12: Approved
A13: 1.2.3 | B13: 1 | C13: GENERELT | D13: 2 | E13: Funksjonelle og tekniske krav | F13: 3 | G13: Beskriv støttet funksjonalitet på mobile enheter. Våre brukere benytter primært iOS enheter. | H13: Required | I13: 1 | J13: Approved
... A106: 4.3.4 | B106: 4 | C106: IPAAS (INFORMATION PLATFORM AS A SERVICE) | D106: 3 | E106: Drift og administrasjon | F106: 4 | G106: Løsningen må ha verktøy for analyse og rapportering av integrasjonsdata. | H106: Important | I106: 2 | J106: Approved
